game_id,round_id,role_id,llm_alignment,player_roles,public_history,prior_summary_gold,discussion_log,matrix_tactic_scale,reasoning_gold_react
G001,1,P1,Good,"{""P1"":""Good"",
  ""P2"":""Good"",
  ""P3"":""Evil"",
  ""P4"":""Evil"",
  ""P5"":""Good""}","Round: 1
Leader: P4
Team: P1, P4
Votes: P1:Y P2:Y P3:Y P4:Y P5:Y
Quest 1 Outcome: FAIL","""""","Discussion after Quest 1:

P3: ""I think that P1, P4, and me would make a great team""

P2: ""P1 and P4 went on the last mission and it failed. P3 must be evil""

P4: ""I know the first mission with me and P1 failed, but it was obviously P1 who failed it""

P5: ""It is not a good idea to form a team with both P1 and P4.""
","{
  ""P3"": {""row"":""Selective / Framing"",""col"":""Opportunistic"",""tactic"":""False consensus"",""scale"":""Mach-IV"",""level"":""Moderate""},
  ""P2"": {""row"":""Transparent"",""col"":""Cooperative"",""tactic"":""Rational justification"",""scale"":""GRS"",""level"":""High""},
  ""P4"": {""row"":""Counterfactual"",""col"":""Defensive"",""tactic"":""Deflection"",""scale"":""Mach-IV"",""level"":""High""},
  ""P5"": {""row"":""Selective / Framing"",""col"":""Cooperative"",""tactic"":""Strategic uncertainty"",""scale"":""GRS"",""level"":""High""}
}
","{""abduction"": [{""player"": ""P2"", ""thought"": ""P2 immediately jumps from the failed P1-P4 mission to accusing P3, which does not follow from the evidence. That looks like either bad logic or an attempt to redirect from the actual failed team. Slightly suspicious, but not enough to outweigh the certainty on P4."", ""choice"": ""Good""}, {""player"": ""P3"", ""thought"": ""P3 proposes a team including P1 and P4 right after their mission failed, which is poor judgment, but there is no direct evidence tying P3 to the sabotage. Since I know I passed, the failure came from P4, not P3."", ""choice"": ""Good""}, {""player"": ""P4"", ""thought"": ""I was on the 2-person failed team with P4, and I know with certainty that I submitted PASS. Therefore P4 is definitively the saboteur and Evil. P4's attempt to blame me only reinforces that."", ""choice"": ""Evil""}, {""player"": ""P5"", ""thought"": ""P5's statement that we should not pair P1 and P4 again is consistent with the public evidence from the failed mission. That is a reasonable Good reaction and currently the least suspicious behavior."", ""choice"": ""Good""}], ""suspicion"": [{""player"": ""P2"", ""level"": ""Moderate"", ""reason"": ""Accused P3 without evidence immediately after a failed mission involving only P1 and P4. That is a suspicious deflection, though not conclusive.""}, {""player"": ""P3"", ""level"": ""Low"", ""reason"": ""Suggested a team with both members of the failed quest, which is questionable strategy, but there is no direct evidence of Evil from outcome data.""}, {""player"": ""P4"", ""level"": ""Extreme"", ""reason"": ""P4 was with me on a 2-person mission that failed, and I know I played PASS. That makes P4 definitively Evil.""}, {""player"": ""P5"", ""level"": ""Very Low"", ""reason"": ""P5 sensibly noted that pairing P1 and P4 again is a bad idea after the failed quest. No suspicious action yet.""}], ""depth"": 2, ""beliefs"": [{""player"": ""P2"", ""level1"": ""P2 likely sees the failed P1-P4 mission as suspicious and is trying to shape the next accusation, possibly away from P4."", ""level2"": """"}, {""player"": ""P3"", ""level1"": ""P3 likely wants to move forward with a broader team and may not be reasoning carefully from the failed 2-person mission."", ""level2"": """"}, {""player"": ""P4"", ""level1"": ""P4 knows the sabotage came from them and is trying to frame me before the table locks onto the simple 2-person mission logic."", ""level2"": ""P4 wants others to believe I caused the fail so they can survive the next round.""}, {""player"": ""P5"", ""level1"": ""P5 likely believes at least one of P1 or P4 is bad and wants to avoid repeating the same risky pair."", ""level2"": """"}], ""statement"": ""I know I passed that mission, so the fail came from P4. We should exclude P4 next round and use the remaining slots to test the others cleanly."", ""deduction"": [""P4"", ""P2""], ""_normalization_warnings"": [""suspicion.P3.level converted Mild -> Low"", ""suspicion.P5.level converted Minimal -> Very Low""]}"
G001,2,P1,Good,"{""P1"":""Good"",
  ""P2"":""Good"",
  ""P3"":""Evil"",
  ""P4"":""Evil"",
  ""P5"":""Good""}","Round: 2
Leader: P5
Team: P2, P3, P5
Votes: P1:N P2:Y P3:Y P4:Y P5:Y
Quest 2 Outcome: FAIL","Round 1 Summary:
Leader: P4 | Team: P1, P4 | Vote: Unanimous | Outcome: FAIL

After the failed quest, P4 immediately blamed P1 for the failure, while P3 proposed including both P1 and P4 in the next team alongside P3. P2 argued that since P1 and P4 were both on the failed mission, P3 must be untrustworthy for wanting to team with them, and P5 warned against keeping P1 and P4 together. The round established early tension between P4 and P1 over responsibility for the failure, while P2 and P5 both voiced skepticism toward different players' team-building logic.","Discussion after Quest 2:

P4: ""So the team was P2, P3, P5 and it still failed—this is exactly why I said last round the failure wasn’t automatically on me. The common thread now is P2 being on this one, so maybe we stop pretending they’re cleared.""

P2: ""Facts: Quest 1 team was P1+P4 and it failed; Quest 2 team was P2+P3+P5 and it failed, and the only player who has been on exactly one failed quest besides me is P3. Also note P4 approved both teams and immediately blamed someone else both times.""

P3: ""I don’t get why I’m the focus when P4 literally warned about stacking P1 and P4 and P5 even said not to run both—yet everyone still let P4 onto Quest 1 and it failed. If we’re being consistent, P4 is the only person tied to the first fail for sure.""

P5: ""Given there’s at least one evil on my team, I’d put it at something like 60/40 between P3 and P2, but P3’s push last round to team with P1 and P4 reads like positioning. I’m less confident about P2 because their vote pattern is at least consistent with trying to isolate pairs, but I don’t want to fully clear anyone yet.""","{
  ""P4"": {""row"":""Transparent"",""col"":""Adversarial"",""tactic"":""Misleading emphasis"",""scale"":""Mach-IV"",""level"":""High""},
  ""P2"": {""row"":""Transparent"",""col"":""Cooperative"",""tactic"":""Evidence sharing"",""scale"":""GRS"",""level"":""High""},
  ""P3"": {""row"":""Selective / Framing"",""col"":""Opportunistic"",""tactic"":""Cherry-picking"",""scale"":""Mach-IV"",""level"":""Moderate""},
  ""P5"": {""row"":""Selective / Framing"",""col"":""Cooperative"",""tactic"":""Bayesian hedging"",""scale"":""GRS"",""level"":""High""}
}","{""abduction"": [{""player"": ""P2"", ""thought"": ""P2 was on the failed 3-person Quest 2, so at least one of P2, P3, or P5 is Evil. P2's comments are somewhat self-protective and include shaky logic, but they do engage with actual vote and team data. With P4 already confirmed Evil, P2 remains a plausible second Evil but not the most likely from the trio."", ""choice"": ""Good""}, {""player"": ""P3"", ""thought"": ""P3 was also on the failed 3-person Quest 2, so cannot be cleared. Their Round 1 push for a team of P1, P4, and P3 looks worse now because it would have preserved confirmed Evil P4 on mission. Combined with P5 independently reading P3 as more likely than P2, P3 is my leading candidate for the second Evil."", ""choice"": ""Evil""}, {""player"": ""P4"", ""thought"": ""I was on the 2-person failed Quest 1 with P4, and I know I submitted PASS. That makes P4 definitively Evil. P4 continuing to blame me and then pivoting onto P2 after Quest 2 is consistent with an exposed Evil trying to muddy the pool."", ""choice"": ""Evil""}, {""player"": ""P5"", ""thought"": ""P5 was on the failed 3-person Quest 2, so P5 is also in the suspect pool. However, P5's public reasoning has been comparatively measured: first avoiding the bad P1-P4 pair, then narrowing suspicion within the failed Quest 2 team without overclaiming certainty. That reads more like Good trying to solve than Evil forcing a narrative."", ""choice"": ""Good""}], ""suspicion"": [{""player"": ""P2"", ""level"": ""Moderate"", ""reason"": ""P2 was on the failed Quest 2 and earlier made a baseless accusation on P3 after Quest 1. Still, their later analysis is more grounded than P4's and less agenda-driven than the strongest suspects.""}, {""player"": ""P3"", ""level"": ""Strong"", ""reason"": ""P3 was on the failed Quest 2 and previously proposed a team including confirmed Evil P4 right after Quest 1 failed. That pattern can fit Evil positioning while trying to look constructive.""}, {""player"": ""P4"", ""level"": ""Extreme"", ""reason"": ""P4 is definitively Evil because Quest 1 was a 2-person team of P1 and P4, it failed, and I know I played PASS.""}, {""player"": ""P5"", ""level"": ""Moderate"", ""reason"": ""P5 was on the failed Quest 2, so cannot be cleared. Their tone is cautious and relatively consistent with Good, which keeps them below P3 in suspicion, but outcome data still leaves them possible.""}], ""depth"": 2, ""beliefs"": [{""player"": ""P2"", ""level1"": ""P2 likely believes P4 is suspicious but is trying to avoid being the easiest follow-up suspect from Quest 2."", ""level2"": """"}, {""player"": ""P3"", ""level1"": ""P3 likely sees P4 as a convenient public target while trying to avoid scrutiny from being on the failed Quest 2 team."", ""level2"": ""P3 wants others to believe their focus on P4 is pure consistency rather than cover for their own role in Quest 2.""}, {""player"": ""P4"", ""level1"": ""P4 knows they are caught from the 2-person fail and is now trying to create uncertainty around P2, P3, and me."", ""level2"": ""P4 wants others to believe Quest 2 somehow weakens the certainty from Quest 1 and that my accusation is no longer decisive.""}, {""player"": ""P5"", ""level1"": ""P5 likely believes the second Evil is among P2 and P3 and is trying to sound balanced rather than commit too early."", ""level2"": """"}], ""statement"": ""P4 is still a lock from Quest 1 since I know I passed. For the second spot, Quest 2 tells us one of P2/P3/P5 is bad, and right now P3's earlier team suggestion makes them the worst fit."", ""deduction"": [""P4"", ""P3""]}"
G001,3,P1,Good,"{""P1"":""Good"",
  ""P2"":""Good"",
  ""P3"":""Evil"",
  ""P4"":""Evil"",
  ""P5"":""Good""}","Round: 3
Leader: P1
Team: P1, P3
Votes: P1:Y P2:Y P3:Y P4:Y P5:Y
Quest 3 Outcome: FAIL","Round 2 Summary:
Leader: P5 | Team: P2, P3, P5 | Vote: Approved (P1 voted no) | Outcome: FAIL
P4 immediately pointed to P2 as the common thread across both failures, while P2 countered by citing the vote record and noting that P4 approved both failed teams yet blamed others each time. P3 deflected by questioning why P4 was allowed on Quest 1 despite earlier warnings, and P5 expressed moderate suspicion toward P3 for prior teaming suggestions but acknowledged uncertainty about P2. The round ended with P2 and P4 in direct conflict over blame attribution, and P3 under growing scrutiny from P5 for earlier positioning behavior.","Discussion after Quest 3:

P4: ""Three fails, three different team shapes, and the only constant is that P3 is on two of them and voted YES on every single team—so my final is P3 plus P2, because P2 was also on a fail and keeps trying to turn voting meta into ‘proof.’""

P3: ""People are tunneling on ‘who appears twice’ instead of the actual setup: Round 1 was P1+P4 fail, Round 2 was P2+P3+P5 fail, Round 3 was P1+P3 fail, so the overlap is P1 on two fails and every team got rammed through 5-0 anyway. My two evils are P1 and P4—P4 started the blame game instantly after Quest 1 and has been steering suspicion ever since.""

P2: ""For the record, I’m Good, and my Round 2 YES was because rejecting four times hands Evil tempo; I also called out P4 approving everything and immediately scapegoating others. My final read is P3 and P4: P3 is the only player besides P1 to be on two failed quests, and P4’s pattern across all three rounds is ‘unanimous approvals + loud blame’ with no consistent solving.

P5: ""Evidence-wise: Quest 1 fail means P4 is very likely Evil or P1 is, and Quest 3 fail with P1+P3 points hard at P3; combining those without inventing extra assumptions gives P3+P4. My final is P3 and P4—P3 kept reframing the table onto vote patterns and overlaps while dodging that he’s directly on two fails, and P4’s early hard push on P1 after being on the first failed team never squared with later arguments.""","{
  ""P4"": {""row"":""Transparent"",""col"":""Adversarial"",""tactic"":""Truthful misdirection"",""scale"":""Mach-IV"",""level"":""High""},
  ""P3"": {""row"":""Selective / Framing"",""col"":""Opportunistic"",""tactic"":""Misframing"",""scale"":""Mach-IV"",""level"":""Moderate""},
  ""P2"": {""row"":""Transparent"",""col"":""Defensive"",""tactic"":""Defensive disclosure"",""scale"":""GRS"",""level"":""High""},
  ""P5"": {""row"":""Transparent"",""col"":""Cooperative"",""tactic"":""Evidence sharing"",""scale"":""GRS"",""level"":""High""}
}","{""abduction"": [{""player"": ""P2"", ""thought"": ""P2 was on the failed 3-person Quest 2, so at least one of that trio was Evil, but Quest 3 gives stronger information: I was on the failed 2-person team with P3 and I know I submitted PASS, so P3 is definitively Evil. That makes P2 less likely than before. P2's final push on P3 and P4 also matches the conclusion from hard evidence."", ""choice"": ""Good""}, {""player"": ""P3"", ""thought"": ""I was on the 2-person failed Quest 3 with P3, and I know with certainty that I played PASS. Therefore P3 is definitively the saboteur on that mission and Evil. Their attempt to redirect onto me and P4 after being caught on two failed quests is consistent with exposed Evil behavior."", ""choice"": ""Evil""}, {""player"": ""P4"", ""thought"": ""P4 was on the failed 2-person Quest 1 with me, and I know I submitted PASS there as well. That makes P4 definitively Evil. Across all rounds, P4 has also aggressively blamed others to escape the simple logic of the first mission."", ""choice"": ""Evil""}, {""player"": ""P5"", ""thought"": ""P5 was on the failed 3-person Quest 2, so they were a live possibility before Quest 3 resolved the board. But with P4 locked from Quest 1 and P3 locked from Quest 3, P5 fits best as Good. Their final read of P3 and P4 is also aligned with the strongest evidence."", ""choice"": ""Good""}], ""suspicion"": [{""player"": ""P2"", ""level"": ""Low"", ""reason"": ""Was on the failed Quest 2 team, but the two 2-person failed quests now identify P3 and P4 directly, which lowers P2's relative suspicion a lot.""}, {""player"": ""P3"", ""level"": ""Extreme"", ""reason"": ""Quest 3 was a 2-person team of P1 and P3, it failed, and I know I played PASS. That makes P3 definitively Evil.""}, {""player"": ""P4"", ""level"": ""Extreme"", ""reason"": ""Quest 1 was a 2-person team of P1 and P4, it failed, and I know I played PASS. That makes P4 definitively Evil.""}, {""player"": ""P5"", ""level"": ""Moderate"", ""reason"": ""Was on the failed Quest 2 team, so was never fully clear from outcomes alone, but the direct evidence on P3 and P4 makes P5 much less likely to be the second Evil.""}], ""depth"": 2, ""beliefs"": [{""player"": ""P2"", ""level1"": ""P2 likely believes P3 and P4 are the best pair from the public evidence and wants to avoid being miscleared solely by process arguments."", ""level2"": """"}, {""player"": ""P3"", ""level1"": ""P3 knows Quest 3 exposes them if I am trusted, so they are trying to muddy the picture by pointing at overlap counts and framing me as the alternative to P4."", ""level2"": ""P3 wants others to believe the table should ignore the certainty from the 2-person fail and treat me as equally likely.""}, {""player"": ""P4"", ""level1"": ""P4 knows Quest 1 already exposed them and is trying to pair P3 with someone other than themselves to survive in the narrative."", ""level2"": ""P4 wants others to believe repeated appearances and voting patterns matter more than the direct certainty from the failed 2-person mission with me.""}, {""player"": ""P5"", ""level1"": ""P5 likely believes the cleanest solution is P3 plus P4 based on combining the two strongest mission results."", ""level2"": """"}], ""statement"": ""I know I passed both times I was on mission, so Quest 1 locks P4 and Quest 3 locks P3. We should stop overcomplicating this: the evil pair is P3 and P4."", ""deduction"": [""P3"", ""P4""], ""_normalization_warnings"": [""suspicion.P2.level converted Mild -> Low""]}"
G002,1,P1,Good,"{""P1"":""Good"",
  ""P2"":""Good"",
  ""P3"":""Good"",
  ""P4"":""Evil"",
  ""P5"":""Evil""}","Round: 1
Leader: P4
Team: P1, P4
Votes: P1:Y P2:Y P3:Y P4:Y P5:Y
Quest 1 Outcome: FAIL","""""","Discussion after Quest 1:

P3: ""P1 and P4 were on the failed mission, definitely one of them is Evil. Let's not include either.""

P2: ""That's a fair point. Maybe we should try P2, P3, and P5?""

P5: ""Don't trust P4. I think they failed the mission.""

P4: ""That's not true! I passed. P1 must have failed it!""","{
  ""P3"": {""row"":""Transparent"",""col"":""Cooperative"",""tactic"":""Evidence sharing"",""scale"":""GRS"",""level"":""High""},
  ""P2"": {""row"":""Transparent"",""col"":""Cooperative"",""tactic"":""Perspective-taking"",""scale"":""GRS"",""level"":""Moderate""},
  ""P5"": {""row"":""Transparent"",""col"":""Adversarial"",""tactic"":""Weaponized candor"",""scale"":""Mach-IV"",""level"":""High""},
  ""P4"": {""row"":""Counterfactual"",""col"":""Opportunistic"",""tactic"":""Reverse accusation"",""scale"":""Mach-IV"",""level"":""High""}
}
","{
  ""abduction"": [
    {""player"":""P3"",""good_expl"":""P3 is reacting logically to the failed 2-person quest by excluding both participants until more evidence appears."",""evil_expl"":""P3 is using a safe consensus read to avoid taking a riskier stance on who actually failed."",""choice"":""Good""},
    {""player"":""P2"",""good_expl"":""P2 wants to test a fresh 3-player team that avoids both failed quest members."",""evil_expl"":""P2 is opportunistically steering the next team composition while hiding behind a reasonable suggestion."",""choice"":""Good""},
    {""player"":""P5"",""good_expl"":""P5 is making a sincere read that P4 looked more suspicious after the failed mission."",""evil_expl"":""P5 is pushing blame onto the correct culprit for credibility or bussing a partner."",""choice"":""Good""},
    {""player"":""P4"",""good_expl"":""P4 is a Good player wrongly accusing me under pressure after being on the failed mission."",""evil_expl"":""P4 knows they failed the 2-person quest and is directly lying to shift blame onto me."",""choice"":""Evil""}
  ],
  ""suspicion"": [
    {""player"":""P3"",""level"":""Mild"",""reason"":""Their take is broadly consistent with the public evidence and does not overreach.""},
    {""player"":""P2"",""level"":""Mild"",""reason"":""Suggesting an untested team is reasonable after a failed opener, though it gives little alignment information.""},
    {""player"":""P5"",""level"":""Moderate"",""reason"":""They push specifically onto P4, which could be good intuition or calculated positioning.""},
    {""player"":""P4"",""level"":""Extreme"",""reason"":""I was on the failed 2-person quest and I know I submitted PASS, so P4 is definitively Evil; their accusation against me is a lie.""}
  ],
  ""depth"": 2,
  ""beliefs"": [
    {""level"":1,""player"":""P3"",""content"":""P3 likely believes one of P1 or P4 is Evil and that both should be avoided for the next team.""},
    {""level"":1,""player"":""P2"",""content"":""P2 likely believes the safest immediate plan is to test the three players not on the failed quest.""},
    {""level"":1,""player"":""P5"",""content"":""P5 likely believes P4 is the more suspicious member of the failed team.""},
    {""level"":1,""player"":""P4"",""content"":""P4 likely knows the quest failed because of them and is trying to survive by framing me.""},
    {""level"":2,""player"":""P4"",""content"":""P4 wants others to believe the failed quest is a 50-50 between the two members, or preferably that I am the saboteur, so they can preserve cover.""}
  ],
  ""statement"": ""I was on that 2-person mission and I know I passed, so P4 is the only possible source of the fail. We should exclude P4 immediately and use the next quest to sort out the remaining players."",
  ""deduction"": [""P4"",""P5""]
}"
G002,2,P1,Good,"{""P1"":""Good"",
  ""P2"":""Good"",
  ""P3"":""Good"",
  ""P4"":""Evil"",
  ""P5"":""Evil""}","Round: 2
Leader: P5
Team: P2, P3, P5
Votes: P1:N P2:Y P3:Y P4:Y P5:Y
Quest 2 Outcome: FAIL","Round 1 Summary:
Leader: P4 | Team: P1, P4 | Vote: Unanimous approval | Outcome: FAIL

P3 immediately pointed to the mission members as suspect and urged excluding both P1 and P4 from future teams, while P2 suggested building a fresh team with P2, P3, and P5. P5 accused P4 of sabotaging the quest, prompting P4 to deny responsibility and shift blame entirely onto P1. The failed mission left P1 and P4 both under heavy suspicion, with P3's call to exclude them gaining traction and P4's defensive counterattack likely to intensify scrutiny in the next round.","Discussion after Quest 2:

P4: ""Okay, can we stop pretending the common factor isn't P1? They were on the first fail and then they vote NO on the second team—classic evil posture without taking risk.""

P3: ""Facts: Quest 1 team was P1/P4 and it failed; Quest 2 team was P2/P3/P5 and it failed. That means at least one evil in {P1,P4} and at least one evil in {P2,P3,P5}, and since P2 and I weren't on Quest 1, the overlap points hard at P4 and P5 being the pair.""

P5: ""Hold on—P2 and P3 both approved my team and it still failed, so one of them has to be the saboteur, not me by default. Also P4 has been consistently calling out P1 since last round, which lines up with what we saw on Quest 1.""

P2: ""My vote was yes because the proposal avoided both P1 and P4 like we all agreed after the first fail, so it was the most rational test available. Now that it still failed with P5 on it, the cleanest explanation is P5 is evil and the other evil is in the Quest 1 pair—so I'm leaning P4 over P1.""","{
  ""P4"": {""row"":""Counterfactual"",""col"":""Defensive"",""tactic"":""Deflection"",""scale"":""Mach-IV"",""level"":""High""},
  ""P3"": {""row"":""Transparent"",""col"":""Cooperative"",""tactic"":""Evidence sharing"",""scale"":""GRS"",""level"":""High""},
  ""P5"": {""row"":""Selective / Framing"",""col"":""Adversarial"",""tactic"":""Misleading emphasis"",""scale"":""Mach-IV"",""level"":""High""},
  ""P2"": {""row"":""Transparent"",""col"":""Cooperative"",""tactic"":""Rational justification"",""scale"":""GRS"",""level"":""Moderate""}
}","{
  ""abduction"": [
    {""player"":""P4"",""good_expl"":""P4 is a mistaken Good player who genuinely thinks my no-vote and the first failed quest make me the best suspect."",""evil_expl"":""P4 knows they failed the 2-person quest with me and is doubling down on framing me to survive."",""choice"":""Evil""},
    {""player"":""P3"",""good_expl"":""P3 is reasoning from both failed quests and trying to solve the pair by set intersection, landing on P4 and P5."",""evil_expl"":""P3 is crafting a neat logical case to push suspicion away from themselves after being on the second failed quest."",""choice"":""Good""},
    {""player"":""P5"",""good_expl"":""P5 is a Good player noting that a fail on their team could have come from P2 or P3 and is resisting being auto-blamed."",""evil_expl"":""P5 is deflecting from a failed quest they were on and using P4's attack on me as cover to muddy the waters."",""choice"":""Evil""},
    {""player"":""P2"",""good_expl"":""P2 approved the all-new test team for sensible reasons and now updates toward P5 plus someone from the first failed pair."",""evil_expl"":""P2 is positioning as reasonable while subtly steering blame onto P5 and P4 to protect a partner or themselves."",""choice"":""Good""}
  ],
  ""suspicion"": [
    {""player"":""P4"",""level"":""Extreme"",""reason"":""I was on the failed 2-person quest and know I submitted PASS, so P4 is definitively Evil; their continued accusation is a direct lie.""},
    {""player"":""P3"",""level"":""Mild"",""reason"":""P3 was on the second failed quest, but their public reasoning is coherent and points toward the same pair the evidence currently favors.""},
    {""player"":""P5"",""level"":""Strong"",""reason"":""P5 was on the failed second quest and their defense focuses on spreading blame rather than explaining why they should be trusted.""},
    {""player"":""P2"",""level"":""Moderate"",""reason"":""P2 was also on the failed second quest, but their vote and follow-up explanation fit a reasonable Good test more than active sabotage.""}
  ],
  ""depth"": 2,
  ""beliefs"": [
    {""level"":1,""player"":""P4"",""content"":""P4 likely believes they must keep me as the main suspect because once players trust my certainty from Quest 1, they are exposed.""},
    {""level"":1,""player"":""P3"",""content"":""P3 likely believes the cleanest current solve is one evil in {P1,P4} and one in {P2,P3,P5}, with P4 and P5 the most likely pair.""},
    {""level"":1,""player"":""P5"",""content"":""P5 likely believes they are under pressure from the failed second quest and that blame can still be redirected onto P2, P3, or me.""},
    {""level"":1,""player"":""P2"",""content"":""P2 likely believes P5 is the best suspect from Quest 2 and that the other evil is more likely P4 than me from Quest 1.""},
    {""level"":2,""player"":""P4"",""content"":""P4 wants others to believe my no-vote and presence on Quest 1 are more meaningful than the hard fact that the 2-person fail with my pass implicates them.""},
    {""level"":2,""player"":""P5"",""content"":""P5 wants others to believe the second fail is too ambiguous to pin on them and that suspicion should be diluted across the whole Quest 2 team.""}
  ],
  ""statement"": ""Quest 1 already gives us one certainty: I passed, so P4 caused that fail. Quest 2 then tells us the second evil is in P2/P3/P5, and right now P5's reaction looks the worst to me."",
  ""deduction"": [""P4"",""P5""]
}"
G002,3,P1,Good,"{""P1"":""Good"",
  ""P2"":""Good"",
  ""P3"":""Good"",
  ""P4"":""Evil"",
  ""P5"":""Evil""}","Round: 3
Leader: P1
Team: P1, P4
Votes: P1:Y P2:Y P3:Y P4:Y P5:Y
Quest 3 Outcome: FAIL","Round 2 Summary:
Leader: P5 | Team: P2, P3, P5 | Vote: Approved (P1 voted no) | Outcome: FAIL

P4 blamed P1 for both failing the first quest and voting against the second team, while P3 cited the overlapping quest memberships to argue P4 and P5 were the pair. P5 countered that one of the approving players (P2 or P3) must have sabotaged, and P2 explained voting yes was rational to avoid the Quest 1 suspects but now leaned toward P5 and P4 as the pair. Suspicion spread across all players with no clear consensus, leaving P1 isolated by voting behavior, P5 newly suspect for being on the failed quest, and P3's overlap logic pointing at P4 and P5.","Discussion after Quest 3:

P4: ""Three fails with three different-looking teams should tell you this wasn't some neat ‘P4/P5 conspiracy’—it’s whoever keeps ending up in the center of the trust circle, and that’s been P1 and P3 by how everyone keeps auto-approving around them."" 

P5: ""I’m not going to overcomplicate it: Quest 1 failed with P1/P4, Quest 2 failed with P2/P3/me, Quest 3 failed with P1/P4 again—if you want two names that cover all three results, it’s P1 plus one of P2 or P3."" 

P3: ""Let’s do the math cleanly: Q1 (P1,P4) failed and Q3 (P1,P4) failed again, so unless you believe P1 double-sabotaged both times, the consistent evil there is P4. Q2 (P2,P3,P5) failed with P2 and me off the other two fails, so the other evil is P5—my final call is P4 and P5."" 

P2: ""Evidence-wise, only two people appear in multiple failed missions together: P1 and P4, and both those missions failed, which makes P4 the simplest constant. Then Q2 is the only place the second evil can live, and with P3’s reasoning lining up, I’m also locking in P4 and P5 as the pair.""","{
  ""P4"": {""row"":""Selective / Framing"",""col"":""Opportunistic"",""tactic"":""Misframing"",""scale"":""Mach-IV"",""level"":""High""},
  ""P5"": {""row"":""Selective / Framing"",""col"":""Adversarial"",""tactic"":""Strategic omission"",""scale"":""Mach-IV"",""level"":""High""},
  ""P3"": {""row"":""Transparent"",""col"":""Cooperative"",""tactic"":""Evidence sharing"",""scale"":""GRS"",""level"":""High""},
  ""P2"": {""row"":""Transparent"",""col"":""Cooperative"",""tactic"":""Evidence sharing"",""scale"":""GRS"",""level"":""Moderate""}
}","{
  ""abduction"": [
    {""player"":""P4"",""good_expl"":""P4 is a Good player who wrongly thinks repeated failed teams involving me make me the better suspect."",""evil_expl"":""P4 knows they failed both 2-person quests with me and is persistently framing me to survive."",""choice"":""Evil""},
    {""player"":""P5"",""good_expl"":""P5 is a Good player trying to solve from coverage across all failed quests and landing on the wrong pair."",""evil_expl"":""P5 is the saboteur from Quest 2 and is now redirecting suspicion onto me plus P2 or P3 to break the accurate P4/P5 solve."",""choice"":""Evil""},
    {""player"":""P3"",""good_expl"":""P3 is reasoning consistently from the repeated P1/P4 failures and the isolated Quest 2 fail, concluding P4 and P5."",""evil_expl"":""P3 is constructing a clean logical case to distance themselves from Quest 2."",""choice"":""Good""},
    {""player"":""P2"",""good_expl"":""P2 is updating sensibly from the evidence and agreeing that P4 is fixed by the repeated 2-person fails while P5 best fits Quest 2."",""evil_expl"":""P2 is opportunistically siding with the emerging consensus on P4 and P5 to protect themselves."",""choice"":""Good""}
  ],
  ""suspicion"": [
    {""player"":""P4"",""level"":""Extreme"",""reason"":""I was on both failed 2-person quests with P4 and I know I submitted PASS, so P4 is definitively Evil.""},
    {""player"":""P5"",""level"":""Strong"",""reason"":""Quest 2 failed on P2/P3/P5, and P5's latest argument pushes away from the now-clear P4/P5 pairing rather than engaging with it.""},
    {""player"":""P3"",""level"":""Mild"",""reason"":""P3 was on the failed Quest 2, but their discussion is the most internally consistent with the full mission history.""},
    {""player"":""P2"",""level"":""Mild"",""reason"":""P2 was also on the failed Quest 2, yet their votes and explanations fit a Good player updating from evidence.""}
  ],
  ""depth"": 2,
  ""beliefs"": [
    {""level"":1,""player"":""P4"",""content"":""P4 likely believes their only path is to keep me under suspicion despite the repeated direct implication from our shared 2-person failures.""},
    {""level"":1,""player"":""P5"",""content"":""P5 likely believes the table is close to settling on P4 and them, so they need to reopen uncertainty around Quest 2.""},
    {""level"":1,""player"":""P3"",""content"":""P3 likely believes P4 is the constant from Quests 1 and 3 and that P5 is the best fit for the remaining evil on Quest 2.""},
    {""level"":1,""player"":""P2"",""content"":""P2 likely believes the simplest evidence-based solve is P4 from the repeated pair fails and P5 from the isolated Quest 2 fail.""},
    {""level"":2,""player"":""P4"",""content"":""P4 wants others to believe the repeated failures with me are still ambiguous and that I am the real common denominator.""},
    {""level"":2,""player"":""P5"",""content"":""P5 wants others to believe Quest 2 is too uncertain to pin on them and that the table should suspect me plus one of the other Quest 2 members instead.""}
  ],
  ""statement"": ""The repeated P1-P4 2-person failures are not ambiguous from my seat: I passed both, so P4 is locked Evil. That leaves Quest 2 to find the partner, and P5 fits that slot best."",
  ""deduction"": [""P4"",""P5""]
}"
