game_id,round_id,role_id,pass1_matrix_json,pass1_reasoning
G031,5,P1,"{
  ""P2"": {""row"":""Selective / Framing"",""col"":""Adversarial"",""tactic"":""Misleading emphasis"",""scale"":""Mach-IV"",""level"":""Low""},
  ""P3"": {""row"":""Transparent"",""col"":""Adversarial"",""tactic"":""Truthful misdirection"",""scale"":""Mach-IV"",""level"":""High""},
  ""P4"": {""row"":""Transparent"",""col"":""Cooperative"",""tactic"":""Rational justification"",""scale"":""GRS"",""level"":""Moderate""},
  ""P5"": {""row"":""Transparent"",""col"":""Cooperative"",""tactic"":""Evidence sharing"",""scale"":""GRS"",""level"":""Low""}
}","P2: After the decisive Round 5 fail, clumsy low-Mach P2 should pivot from Round 4 deflection into adversarial emphasis on P1’s Round 1 leadership and repeated ‘safe’ no-votes to keep heat off P2’s direct presence on the final failed team.
P3: High-Mach P3 should use truthful misdirection by accurately highlighting that P2 is now the only player on both failing quests (Q1 and Q5) while subtly keeping alive the possibility that P1 sabotaged Q1, preventing a clean two-evil solve.
P4: With two fails now linked to teams containing P2, P4 should shift from Round 4 perspective-taking into rational justification to argue a crisp mechanical solve and push the table to commit to P2 as the core suspect.
P5: As the Round 5 leader on the failed team, low-GRS P5 should stabilize credibility via evidence sharing (vote/team/outcome constraints) and explicitly lay out why the fail implies P2 (or P1) and why P2 is the consistent through-line."
